question_name,question_ans,category,level_of_difficulty,rating,recently_added_date
Question_1,Answer_1,HTML,Intermediate,4.8,2023-10-06 10:12:44.034927
Question_2,Answer_2,HTML,Intermediate,4.8,2023-08-15 10:12:44.034927
Question_3,Answer_3,JavaScript,Advanced,4.2,2023-06-22 10:12:44.034927
Question_4,Answer_4,JavaScript,Advanced,4.2,2023-10-13 10:12:44.034927
Question_5,Answer_5,CSS,Easy,4.2,2022-12-29 10:12:44.034927
Question_6,Answer_6,HTML,Intermediate,4.0,2023-03-12 10:12:44.034927
Question_7,Answer_7,JavaScript,Advanced,4.2,2023-09-28 10:12:44.034927
Question_8,Answer_8,JavaScript,Intermediate,4.2,2023-04-05 10:12:44.034927
Question_9,Answer_9,CSS,Advanced,4.2,2022-12-29 10:12:44.034927
Question_10,Answer_10,HTML,Advanced,4.2,2023-04-24 10:12:44.034927
Question_11,Answer_11,HTML,Easy,4.5,2023-01-19 10:12:44.034927
Question_12,Answer_12,JavaScript,Intermediate,4.8,2023-10-10 10:12:44.034927
Question_13,Answer_13,HTML,Intermediate,4.8,2023-09-02 10:12:44.034927
Question_14,Answer_14,HTML,Intermediate,4.2,2023-08-20 10:12:44.034927
Question_15,Answer_15,JavaScript,Intermediate,4.5,2023-03-27 10:12:44.034927
Question_16,Answer_16,HTML,Advanced,4.8,2023-04-17 10:12:44.034927
Question_17,Answer_17,CSS,Intermediate,4.2,2023-01-16 10:12:44.034927
Question_18,Answer_18,JavaScript,Advanced,5.0,2023-07-28 10:12:44.034927
Question_19,Answer_19,HTML,Easy,4.8,2023-08-28 10:12:44.034927
Question_20,Answer_20,CSS,Easy,4.2,2023-11-11 10:12:44.034927
Question_21,Answer_21,HTML,Easy,4.5,2022-12-29 10:12:44.034927
Question_22,Answer_22,JavaScript,Easy,4.5,2023-08-10 10:12:44.034927
Question_23,Answer_23,CSS,Easy,4.5,2023-01-08 10:12:44.034927
Question_24,Answer_24,CSS,Advanced,5.0,2023-10-31 10:12:44.034927
Question_25,Answer_25,CSS,Easy,5.0,2023-03-17 10:12:44.034927
Question_26,Answer_26,JavaScript,Intermediate,4.0,2023-09-02 10:12:44.034927
Question_27,Answer_27,HTML,Advanced,4.5,2023-01-05 10:12:44.034927
Question_28,Answer_28,JavaScript,Intermediate,4.5,2023-11-10 10:12:44.034927
Question_29,Answer_29,CSS,Easy,4.0,2023-04-27 10:12:44.034927
Question_30,Answer_30,HTML,Advanced,4.2,2023-03-30 10:12:44.034927
Question_31,Answer_31,CSS,Easy,4.5,2023-02-28 10:12:44.034927
Question_32,Answer_32,JavaScript,Intermediate,5.0,2023-05-16 10:12:44.034927
Question_33,Answer_33,CSS,Easy,4.8,2023-04-03 10:12:44.034927
Question_34,Answer_34,CSS,Advanced,4.8,2023-07-18 10:12:44.034927
Question_35,Answer_35,JavaScript,Intermediate,4.2,2023-06-02 10:12:44.034927
Question_36,Answer_36,JavaScript,Advanced,4.5,2023-08-27 10:12:44.034927
Question_37,Answer_37,CSS,Advanced,4.8,2023-04-09 10:12:44.034927
Question_38,Answer_38,HTML,Advanced,5.0,2023-07-16 10:12:44.034927
Question_39,Answer_39,JavaScript,Advanced,4.0,2023-09-02 10:12:44.034927
Question_40,Answer_40,CSS,Easy,4.8,2023-02-26 10:12:44.034927
Question_41,Answer_41,CSS,Easy,4.8,2023-01-30 10:12:44.034927
Question_42,Answer_42,JavaScript,Intermediate,4.2,2023-10-08 10:12:44.034927
Question_43,Answer_43,HTML,Advanced,4.5,2023-04-23 10:12:44.034927
Question_44,Answer_44,HTML,Easy,4.0,2023-06-13 10:12:44.034927
Question_45,Answer_45,JavaScript,Easy,4.2,2023-11-07 10:12:44.034927
Question_46,Answer_46,CSS,Advanced,4.2,2023-09-28 10:12:44.034927
Question_47,Answer_47,HTML,Advanced,4.8,2023-09-10 10:12:44.034927
Question_48,Answer_48,JavaScript,Advanced,5.0,2023-06-22 10:12:44.034927
Question_49,Answer_49,HTML,Easy,4.8,2023-08-04 10:12:44.034927
Question_50,Answer_50,JavaScript,Advanced,4.5,2023-12-04 10:12:44.034927
Question_51,Answer_51,JavaScript,Advanced,4.2,2023-11-17 10:12:44.034927
Question_52,Answer_52,JavaScript,Easy,4.8,2023-09-02 10:12:44.034927
Question_53,Answer_53,JavaScript,Advanced,4.0,2023-09-13 10:12:44.034927
Question_54,Answer_54,JavaScript,Intermediate,4.8,2023-08-31 10:12:44.034927
Question_55,Answer_55,JavaScript,Advanced,4.0,2023-09-07 10:12:44.034927
Question_56,Answer_56,CSS,Easy,4.0,2023-11-05 10:12:44.034927
Question_57,Answer_57,HTML,Advanced,4.0,2023-06-26 10:12:44.034927
Question_58,Answer_58,HTML,Easy,4.2,2023-03-15 10:12:44.034927
Question_59,Answer_59,HTML,Advanced,5.0,2023-11-13 10:12:44.034927
Question_60,Answer_60,CSS,Advanced,4.5,2023-12-21 10:12:44.034927
Question_61,Answer_61,HTML,Easy,4.5,2023-09-07 10:12:44.034927
Question_62,Answer_62,CSS,Intermediate,5.0,2023-07-30 10:12:44.034927
Question_63,Answer_63,HTML,Advanced,4.8,2023-08-05 10:12:44.034927
Question_64,Answer_64,HTML,Easy,4.2,2023-12-17 10:12:44.034927
Question_65,Answer_65,HTML,Intermediate,4.8,2023-01-22 10:12:44.034927
Question_66,Answer_66,JavaScript,Easy,4.2,2023-01-02 10:12:44.034927
Question_67,Answer_67,CSS,Intermediate,4.2,2023-09-14 10:12:44.034927
Question_68,Answer_68,HTML,Easy,4.0,2023-02-08 10:12:44.034927
Question_69,Answer_69,HTML,Advanced,5.0,2023-12-09 10:12:44.034927
Question_70,Answer_70,HTML,Advanced,4.0,2023-09-03 10:12:44.034927
Question_71,Answer_71,CSS,Advanced,4.5,2023-05-13 10:12:44.034927
Question_72,Answer_72,JavaScript,Advanced,5.0,2023-12-21 10:12:44.034927
Question_73,Answer_73,HTML,Advanced,5.0,2023-06-11 10:12:44.034927
Question_74,Answer_74,JavaScript,Intermediate,4.5,2022-12-25 10:12:44.034927
Question_75,Answer_75,HTML,Intermediate,4.5,2023-06-12 10:12:44.034927
Question_76,Answer_76,HTML,Advanced,4.8,2023-07-17 10:12:44.034927
Question_77,Answer_77,JavaScript,Easy,4.5,2023-05-16 10:12:44.034927
Question_78,Answer_78,CSS,Intermediate,4.0,2023-06-07 10:12:44.034927
Question_79,Answer_79,HTML,Easy,4.0,2023-01-28 10:12:44.034927
Question_80,Answer_80,CSS,Advanced,4.8,2023-07-26 10:12:44.034927
Question_81,Answer_81,JavaScript,Intermediate,4.8,2023-10-05 10:12:44.034927
Question_82,Answer_82,HTML,Advanced,4.5,2023-01-06 10:12:44.034927
Question_83,Answer_83,JavaScript,Advanced,4.0,2023-12-19 10:12:44.034927
Question_84,Answer_84,HTML,Easy,4.8,2023-09-21 10:12:44.034927
Question_85,Answer_85,JavaScript,Advanced,4.2,2023-03-20 10:12:44.034927
Question_86,Answer_86,HTML,Easy,4.2,2023-06-07 10:12:44.034927
Question_87,Answer_87,JavaScript,Intermediate,4.8,2023-08-01 10:12:44.034927
Question_88,Answer_88,CSS,Easy,4.5,2023-12-13 10:12:44.034927
Question_89,Answer_89,HTML,Advanced,5.0,2023-11-17 10:12:44.034927
Question_90,Answer_90,JavaScript,Advanced,4.0,2023-04-02 10:12:44.034927
Question_91,Answer_91,CSS,Easy,4.2,2023-02-10 10:12:44.034927
Question_92,Answer_92,CSS,Intermediate,4.2,2023-03-07 10:12:44.034927
Question_93,Answer_93,JavaScript,Intermediate,4.2,2023-04-09 10:12:44.034927
Question_94,Answer_94,CSS,Intermediate,4.2,2023-01-15 10:12:44.034927
Question_95,Answer_95,HTML,Easy,4.5,2023-02-17 10:12:44.034927
Question_96,Answer_96,HTML,Advanced,4.0,2023-06-21 10:12:44.034927
Question_97,Answer_97,CSS,Easy,5.0,2023-11-30 10:12:44.034927
Question_98,Answer_98,HTML,Easy,4.8,2023-07-03 10:12:44.034927
Question_99,Answer_99,CSS,Advanced,4.0,2023-02-27 10:12:44.034927
Question_100,Answer_100,CSS,Easy,4.0,2023-01-01 10:12:44.034927
